"Taxon","NRI_z","NRI_p","NRI_sd","NTI_z","NTI_p","NTI_sd","Significant"
"Halobacterota",-3.09176413642625,0.004,0.299954954962032,-2.95527988428491,0.006,0.32761037316797,"Yes"
"Crenarchaeota",0.094940037991223,0.545,0.307555041615158,0.0371782224417726,0.494,0.325776485834562,"No"
