"Taxon","NRI_p","NTI_p","NRI_z","NTI_z","Significance"
"Halobacterota",0.004,0.006,-3.09176413642625,-2.95527988428491,"Both"
"Crenarchaeota",0.545,0.494,0.094940037991223,0.0371782224417726,"None"
